{"actions":[],"apps":[{"acl":{"app":[],"field":[],"record":[]},"app":null,"category":{"categories":[],"useCategory":"false"},"form":{"layout":"[{\"id\":null,\"type\":\"ROW\",\"isSubTable\":false,\"var\":null,\"controlList\":[{\"isVirtical\":true,\"styleMap\":{},\"canvasData\":[{\"id\":null,\"type\":\"ROW\",\"isSubTable\":false,\"var\":null,\"controlList\":[{\"isVirtical\":true,\"styleMap\":{\"width\":306},\"type\":\"SINGLE_LINE_TEXT\",\"var\":\"タイトル\",\"label\":\"タイトル\"},{\"isVirtical\":true,\"styleMap\":{\"width\":196},\"type\":\"SINGLE_SELECT\",\"var\":\"優先度\",\"label\":\"優先度\"}]},{\"id\":null,\"type\":\"ROW\",\"isSubTable\":false,\"var\":null,\"controlList\":[{\"isVirtical\":true,\"styleMap\":{\"width\":502,\"height\":189,\"innerHeight\":155},\"type\":\"MULTIPLE_LINE_TEXT\",\"var\":\"内容\",\"label\":\"内容\"}]},{\"id\":null,\"type\":\"ROW\",\"isSubTable\":false,\"var\":null,\"controlList\":[{\"isVirtical\":true,\"styleMap\":{\"width\":117},\"type\":\"DATE\",\"var\":\"対応期限\",\"label\":\"対応期限\"},{\"isVirtical\":true,\"styleMap\":{\"width\":344},\"type\":\"USER_SELECT\",\"var\":\"対応者\",\"label\":\"対応者\"}]}],\"type\":\"GROUP\",\"var\":\"インシデント対応\",\"label\":\"インシデント対応\"}]},{\"id\":null,\"type\":\"ROW\",\"isSubTable\":false,\"var\":null,\"controlList\":[{\"isVirtical\":true,\"styleMap\":{},\"canvasData\":[{\"id\":null,\"type\":\"ROW\",\"isSubTable\":false,\"var\":null,\"controlList\":[{\"isVirtical\":true,\"styleMap\":{\"width\":196},\"type\":\"DATETIME\",\"var\":\"time\",\"label\":\"測定日時\"},{\"isVirtical\":true,\"styleMap\":{\"width\":193},\"type\":\"SINGLE_LINE_TEXT\",\"var\":\"device\",\"label\":\"センサー名\"}]},{\"id\":null,\"type\":\"ROW\",\"isSubTable\":false,\"var\":null,\"controlList\":[{\"isVirtical\":true,\"styleMap\":{\"width\":193},\"type\":\"DECIMAL\",\"var\":\"temp\",\"label\":\"温度\"},{\"isVirtical\":true,\"styleMap\":{\"width\":193},\"type\":\"DECIMAL\",\"var\":\"humidity\",\"label\":\"湿度\"}]}],\"type\":\"GROUP\",\"var\":\"センサー情報\",\"label\":\"センサー情報\"}]},{\"id\":null,\"type\":\"ROW\",\"isSubTable\":false,\"var\":null,\"controlList\":[{\"isVirtical\":true,\"styleMap\":{},\"canvasData\":[{\"id\":null,\"type\":\"ROW\",\"isSubTable\":false,\"var\":null,\"controlList\":[{\"isVirtical\":true,\"styleMap\":{\"width\":120},\"type\":\"RECORD_ID\",\"var\":\"レコード番号\",\"label\":\"レコード番号\"}]},{\"id\":null,\"type\":\"ROW\",\"isSubTable\":false,\"var\":null,\"controlList\":[{\"isVirtical\":true,\"styleMap\":{\"width\":196},\"type\":\"MODIFIED_AT\",\"var\":\"更新日時\",\"label\":\"更新日時\"},{\"isVirtical\":true,\"styleMap\":{\"width\":136},\"type\":\"MODIFIER\",\"var\":\"更新者\",\"label\":\"更新者\"}]},{\"id\":null,\"type\":\"ROW\",\"isSubTable\":false,\"var\":null,\"controlList\":[{\"isVirtical\":true,\"styleMap\":{\"width\":196},\"type\":\"CREATED_AT\",\"var\":\"作成日時\",\"label\":\"作成日時\"},{\"isVirtical\":true,\"styleMap\":{\"width\":136},\"type\":\"CREATOR\",\"var\":\"作成者\",\"label\":\"作成者\"}]}],\"type\":\"GROUP\",\"var\":\"レコード情報\",\"label\":\"レコード情報\"}]}]","revision":null},"iconMeta":null,"info":{"code":null,"decimalPrecision":"16","decimalScale":"4","description":"\u003Cdiv\u003E\u003Cbr /\u003E\u003C/div\u003E","enableBulkDeletion":"false","fiscalYearStartMonth":"4","iconKey":"APP73","iconType":"PRESET","jsFiles":null,"jsScope":"ALL","name":"インシデント管理","roundingMode":"HALF_EVEN","theme":"PLAIN","titleComponentLocalId":null,"useComment":"true","useHistory":"true","useThumbnail":"true"},"jsFiles":[{"jsFileMetas":[{"internalName":null,"locationType":"URL","mime":null,"name":null,"url":"https://js.cybozu.com/jquery/1.11.3/jquery.min.js"},{"internalName":null,"locationType":"BLOB","mime":"text/javascript","name":"incident.js","url":null}],"jsType":"DESKTOP"}],"notification":{"appNotifications":[{"events":["RECORD_COMMENT_ADDED"],"target":{"entityId":"5113105","entityType":"FIELD_ENTITY","includeSubs":"false"}},{"events":["RECORD_COMMENT_ADDED"],"target":{"entityId":"5113106","entityType":"FIELD_ENTITY","includeSubs":"false"}}],"recordNotifications":[],"reminderTimezone":null,"reminders":[],"useComment":"true","useReminder":"false"},"plugin":{"pluginIds":[]},"reports":[],"resource":{"tables":[{"rows":[{"fields":[],"objectId":"0","subObjectId":"-1"}],"type":"AppName"},{"rows":[{"fields":[],"objectId":"0","subObjectId":"-1"}],"type":"AppDescription"},{"rows":[{"fields":[],"objectId":"5113104","subObjectId":"-1"},{"fields":[],"objectId":"5113105","subObjectId":"-1"},{"fields":[],"objectId":"5113106","subObjectId":"-1"},{"fields":[],"objectId":"5113107","subObjectId":"-1"},{"fields":[],"objectId":"5113108","subObjectId":"-1"},{"fields":[],"objectId":"5113109","subObjectId":"-1"},{"fields":[],"objectId":"5113110","subObjectId":"-1"},{"fields":[],"objectId":"5113111","subObjectId":"-1"},{"fields":[],"objectId":"5113135","subObjectId":"-1"},{"fields":[],"objectId":"5113136","subObjectId":"-1"},{"fields":[],"objectId":"5113136","subObjectId":"5113130"},{"fields":[],"objectId":"5113136","subObjectId":"5113131"},{"fields":[],"objectId":"5113136","subObjectId":"5113132"},{"fields":[],"objectId":"5113136","subObjectId":"5113133"},{"fields":[],"objectId":"5113137","subObjectId":"-1"},{"fields":[],"objectId":"5113138","subObjectId":"-1"},{"fields":[],"objectId":"5113139","subObjectId":"-1"},{"fields":[],"objectId":"5113141","subObjectId":"-1"},{"fields":[],"objectId":"5113142","subObjectId":"-1"},{"fields":[],"objectId":"5113143","subObjectId":"-1"},{"fields":[],"objectId":"5113144","subObjectId":"-1"}],"type":"FieldLabel"},{"rows":[{"fields":[],"objectId":"5113116","subObjectId":"-1"},{"fields":[],"objectId":"5113156","subObjectId":"-1"},{"fields":[],"objectId":"5113154","subObjectId":"-1"},{"fields":[],"objectId":"20","subObjectId":"-1"}],"type":"ViewName"},{"rows":[{"fields":[],"objectId":"5113146","subObjectId":"-1"},{"fields":[],"objectId":"5113147","subObjectId":"-1"},{"fields":[],"objectId":"5113148","subObjectId":"-1"}],"type":"StatusState"},{"rows":[{"fields":[],"objectId":"5113151","subObjectId":"-1"},{"fields":[],"objectId":"5113152","subObjectId":"-1"}],"type":"StatusAction"}]},"schema":{"groups":[{"childLocalId":"5113135","vtComponentLocalId":"5113134"},{"childLocalId":"5113136","vtComponentLocalId":"5113134"},{"childLocalId":"5113137","vtComponentLocalId":"5113134"},{"childLocalId":"5113138","vtComponentLocalId":"5113134"},{"childLocalId":"5113139","vtComponentLocalId":"5113134"},{"childLocalId":"5113141","vtComponentLocalId":"5113140"},{"childLocalId":"5113142","vtComponentLocalId":"5113140"},{"childLocalId":"5113143","vtComponentLocalId":"5113140"},{"childLocalId":"5113144","vtComponentLocalId":"5113140"},{"childLocalId":"5113104","vtComponentLocalId":"5113145"},{"childLocalId":"5113105","vtComponentLocalId":"5113145"},{"childLocalId":"5113106","vtComponentLocalId":"5113145"},{"childLocalId":"5113107","vtComponentLocalId":"5113145"},{"childLocalId":"5113108","vtComponentLocalId":"5113145"}],"revision":null,"subTable":{},"table":{"fieldList":{"5113104":{"id":"5113104","label":"レコード番号","properties":{"noLabel":"false","required":"true"},"type":"RECORD_ID","var":"レコード番号"},"5113105":{"id":"5113105","label":"更新者","properties":{"noLabel":"false","required":"true"},"type":"MODIFIER","var":"更新者"},"5113106":{"id":"5113106","label":"作成者","properties":{"noLabel":"false","required":"true"},"type":"CREATOR","var":"作成者"},"5113107":{"id":"5113107","label":"更新日時","properties":{"noLabel":"false","required":"true"},"type":"MODIFIED_AT","var":"更新日時"},"5113108":{"id":"5113108","label":"作成日時","properties":{"noLabel":"false","required":"true"},"type":"CREATED_AT","var":"作成日時"},"5113109":{"id":"5113109","label":"ステータス","properties":{"noLabel":"false","required":"false"},"type":"STATUS","var":"ステータス"},"5113110":{"id":"5113110","label":"作業者","properties":{"noLabel":"false","required":"false"},"type":"STATUS_ASSIGNEE","var":"作業者"},"5113111":{"id":"5113111","label":"カテゴリー","properties":{"noLabel":"false","required":"false"},"type":"CATEGORY","var":"カテゴリー"},"5113134":{"id":"5113134","label":"インシデント対応","properties":{"noLabel":"false","open":"true","required":"false"},"type":"GROUP","var":"インシデント対応"},"5113135":{"id":"5113135","label":"タイトル","properties":{"defaultValue":"","expression":"","hideExpression":"false","max":null,"min":null,"noLabel":"false","required":"false","unique":"false"},"type":"SINGLE_LINE_TEXT","var":"タイトル"},"5113136":{"id":"5113136","label":"優先度","properties":{"defaultValue":null,"noLabel":"false","options":[{"id":"5113130","label":"至急","valid":true},{"id":"5113131","label":"高","valid":true},{"id":"5113132","label":"中","valid":true},{"id":"5113133","label":"低","valid":true}],"required":"false"},"type":"SINGLE_SELECT","var":"優先度"},"5113137":{"id":"5113137","label":"内容","properties":{"defaultValue":"","noLabel":"false","required":"false"},"type":"MULTIPLE_LINE_TEXT","var":"内容"},"5113138":{"id":"5113138","label":"対応期限","properties":{"defaultExpression":null,"defaultValue":null,"noLabel":"false","required":"false","unique":"false"},"type":"DATE","var":"対応期限"},"5113139":{"id":"5113139","label":"対応者","properties":{"defaultEntities":[],"defaultSelect":[],"entities":[],"noLabel":"false","required":"false","select":[]},"type":"USER_SELECT","var":"対応者"},"5113140":{"id":"5113140","label":"センサー情報","properties":{"noLabel":"false","open":"true","required":"false"},"type":"GROUP","var":"センサー情報"},"5113141":{"id":"5113141","label":"測定日時","properties":{"defaultExpression":null,"defaultValue":null,"noLabel":"false","required":"false","unique":"false"},"type":"DATETIME","var":"time"},"5113142":{"id":"5113142","label":"センサー名","properties":{"defaultValue":"","expression":"","hideExpression":"false","max":null,"min":null,"noLabel":"false","required":"false","unique":"false"},"type":"SINGLE_LINE_TEXT","var":"device"},"5113143":{"id":"5113143","label":"温度","properties":{"defaultValue":null,"digit":"false","displayScale":null,"max":null,"min":null,"noLabel":"false","required":"false","roundingMode":null,"scale":null,"unique":"false","unit":"Deg. C.","unitPosition":"AFTER"},"type":"DECIMAL","var":"temp"},"5113144":{"id":"5113144","label":"湿度","properties":{"defaultValue":null,"digit":"false","displayScale":null,"max":null,"min":null,"noLabel":"false","required":"false","roundingMode":null,"scale":null,"unique":"false","unit":"%","unitPosition":"AFTER"},"type":"DECIMAL","var":"humidity"},"5113145":{"id":"5113145","label":"レコード情報","properties":{"noLabel":"false","open":"false","required":"false"},"type":"GROUP","var":"レコード情報"}},"id":"1","label":"__ROOT__","var":"__ROOT__"}},"status":{"actions":[{"app":null,"assignees":[],"filter":"5113149","from":"5113146","fromLabel":null,"id":"5113151","label":"報告","record":null,"revision":null,"to":"5113147","toApprovalType":null,"toLabel":null},{"app":null,"assignees":[],"filter":"5113150","from":"5113147","fromLabel":null,"id":"5113152","label":"確認","record":null,"revision":null,"to":"5113148","toApprovalType":null,"toLabel":null}],"filters":[{"condition":"","id":"5113149","state":"5113146"},{"condition":"","id":"5113150","state":"5113147"}],"initialStateId":"5113146","states":[{"approvalType":"ONE","assignees":[],"id":"5113146","initial":true,"label":"未処理"},{"approvalType":"ANY","assignees":[{"entityId":"5113139","entityName":"対応者","entityType":"FIELD_ENTITY","includeSubs":"false"}],"id":"5113147","initial":false,"label":"報告中"},{"approvalType":"ONE","assignees":[],"id":"5113148","initial":false,"label":"確認"}],"useStatus":"true"},"uuid":"e107f02b-b331-4eb6-91e2-3ec3e2d60c04","views":[{"advancedMode":"false","builtinType":null,"fields":[{"row":[{"id":"5113141"},{"id":"5113142"},{"id":"5113143"},{"id":"5113144"}]}],"filter":{"category":null,"offset":null,"order":["DESC"],"q":null,"size":null,"sort":["f5113141"]},"html":null,"keyFieldId":null,"name":"センサーデータ一覧","pager":null,"revision":null,"titleFieldId":null,"view":"5113116","viewType":"LIST"},{"advancedMode":"false","builtinType":null,"fields":[{"row":[{"id":"5113135"},{"id":"5113136"},{"id":"5113137"},{"id":"5113138"},{"id":"5113139"},{"id":"5113141"},{"id":"5113142"},{"id":"5113143"},{"id":"5113144"},{"id":"5113109"},{"id":"5113110"}]}],"filter":{"category":null,"offset":null,"order":["DESC"],"q":"f5113109 in (\"5113147\")","size":null,"sort":["f5113104"]},"html":null,"keyFieldId":null,"name":"報告中","pager":null,"revision":null,"titleFieldId":null,"view":"5113156","viewType":"LIST"},{"advancedMode":"false","builtinType":"ASSIGN","fields":[{"row":[{"id":"5113104"},{"id":"5113135"},{"id":"5113136"},{"id":"5113137"},{"id":"5113138"},{"id":"5113139"},{"id":"5113141"},{"id":"5113142"},{"id":"5113143"},{"id":"5113144"},{"id":"5113109"},{"id":"5113110"}]}],"filter":{"category":null,"offset":null,"order":[],"q":"f5113110 in (LOGINUSER())","size":null,"sort":[]},"html":null,"keyFieldId":null,"name":"（作業者が自分）","pager":null,"revision":null,"titleFieldId":null,"view":"5113154","viewType":"LIST"},{"advancedMode":null,"builtinType":"ALL","fields":[{"row":[{"id":"5113104"},{"id":"5113135"},{"id":"5113136"},{"id":"5113137"},{"id":"5113138"},{"id":"5113139"},{"id":"5113141"},{"id":"5113142"},{"id":"5113143"},{"id":"5113144"},{"id":"5113109"},{"id":"5113110"}]}],"filter":{"category":null,"offset":null,"order":[],"q":null,"size":null,"sort":[]},"html":null,"keyFieldId":null,"name":"（すべて）","pager":null,"revision":null,"titleFieldId":null,"view":"20","viewType":"LIST"}]}],"description":"デブサミ2016-19F3「kintoneで実践するIoTハンズオン」で利用するテンプレート","iconKey":"APP73","iconMeta":null,"iconSrcAppId":"e107f02b-b331-4eb6-91e2-3ec3e2d60c04","iconType":"PRESET","imagesMeta":[],"lookups":[],"name":"デブサミ2016-19F3","references":[],"version":"16"}